,farm,sim_id,T_nominal,R_recovery,beta_eff,R0,mean_S,mean_I,total_new_E
0,Farm1,0,0.0929982465515025,0.0737706299432407,8.369021050723668e-05,0.0011344651736284227,754.0767123287671,9.394520547945206,222
1,Farm1,1,0.0972989175500361,0.0553752682917079,6.234000911897354e-05,0.0011257734913459293,772.4301369863014,12.41095890410959,223
2,Farm1,2,0.0481718812412158,0.059106604692854,6.968848037297587e-05,0.0011790303424652848,751.3095890410959,11.706849315068494,230
3,Farm1,3,0.0649898714541161,0.0734431505414951,8.606271151742478e-05,0.001171827609285357,755.5424657534246,9.646575342465754,235
4,Farm1,4,0.0615538155776767,0.0782862063581218,8.076091713159499e-05,0.0010316110703097884,779.8849315068493,4.989041095890411,119
5,Farm1,5,0.0763051263383194,0.0720364300791857,7.903043599945995e-05,0.0010970898462428819,803.4958904109589,4.342465753424658,102
6,Farm1,6,0.1108885716616283,0.0632807916830043,6.581129026788045e-05,0.0010399884154034026,784.9041095890411,5.304109589041096,103
7,Farm1,7,0.0248270650062909,0.0589440167738663,7.470598101465102e-05,0.001267405669030907,799.4356164383562,4.953424657534247,110
8,Farm1,8,0.040317049619412,0.045408726936218,5.6288378165134156e-05,0.0012395938394000328,748.1561643835616,14.884931506849314,233
9,Farm1,9,0.0411249943552222,0.0554595592450344,6.991020124278828e-05,0.001260561789427631,762.2383561643836,11.706849315068494,234
10,Farm1,10,0.0228043426407237,0.0422784890338919,6.169240573264817e-05,0.0014591913557552496,725.1095890410959,21.96986301369863,364
11,Farm1,11,0.01,0.0496255571628359,6.449352632565623e-05,0.0012996030677103372,749.7205479452055,13.057534246575342,236
12,Farm1,12,0.15,0.0479801295844083,5.576848697597738e-05,0.0011623246427016735,740.6821917808219,12.830136986301369,201
13,Farm1,13,0.01,0.0494237806449684,6.71685433613193e-05,0.0013590328883138043,756.6931506849315,12.827397260273973,242
14,Farm1,14,0.01,0.0526911317437142,6.23300532071806e-05,0.0011829325190878307,792.8904109589041,6.8931506849315065,128
15,Farm1,15,0.0105302306400105,0.0500974178860048,5.630606449007233e-05,0.0011239314692464814,821.172602739726,7.027397260273973,118
16,Farm1,16,0.0713333194266312,0.0562293305970925,7.26371438440655e-05,0.001291801682017915,758.6657534246575,11.084931506849315,229
17,Farm1,17,0.01,0.0483366474974661,6.350669451284014e-05,0.0013138415219253524,770.4438356164384,13.465753424657533,245
18,Farm1,18,0.01,0.057140522624486,7.92496044888024e-05,0.0013869247400765314,771.2657534246575,10.646575342465754,242
19,Farm1,19,0.01,0.0585145511161985,8.014351854705966e-05,0.0013696339973267545,762.0958904109589,10.87945205479452,247
20,Farm1,20,0.01,0.0588282613197352,7.687265047739552e-05,0.0013067299415766846,777.427397260274,10.490410958904109,235
21,Farm1,21,0.01,0.0514853173353584,6.531887423615135e-05,0.0012686893587677767,755.5534246575343,12.663013698630136,235
22,Farm1,22,0.01,0.0576092451175792,7.274054200120052e-05,0.001262653969041578,767.8931506849315,11.63013698630137,242
23,Farm1,23,0.15,0.0690092634707863,6.534596890014877e-05,0.0009469159010487293,794.1178082191781,4.419178082191781,86
24,Farm1,24,0.15,0.0423294555407291,4.8829535866302045e-05,0.0011535592707852954,759.4767123287671,15.794520547945206,218
25,Farm1,25,0.0110349549691445,0.0566884743078975,6.2135953466184e-05,0.001096095003875022,782.7972602739726,13.715068493150685,248
26,Farm1,26,0.0397591037710941,0.0503181023676484,6.820105897644301e-05,0.0013553980728075372,760.0958904109589,12.463013698630137,242
27,Farm1,27,0.0505203405127661,0.0662539139932279,8.197875324573488e-05,0.0012373420422243171,766.9424657534247,9.821917808219178,230
28,Farm1,28,0.01,0.0594777478748858,5.834813463241806e-05,0.0009810078006846539,794.0,6.841095890410959,118
29,Farm1,29,0.0871592165640311,0.079602771041005,9.35160560310091e-05,0.0011747839278463948,816.5972602739726,4.095890410958904,114
30,Farm1,30,0.0559062915154287,0.060603863750599,8.637692008695277e-05,0.0014252708448163757,772.9342465753425,9.684931506849315,240
31,Farm1,31,0.01,0.0767441616568605,0.00010477886893069291,0.0013653008472381462,803.8328767123288,3.4575342465753423,110
32,Farm1,32,0.01,0.04,5.005368360983857e-05,0.0012513420902459643,768.9287671232877,16.863013698630137,242
33,Farm1,33,0.01,0.04,5.240605173683303e-05,0.0013101512934208257,745.1260273972603,16.312328767123287,239
34,Farm1,34,0.01,0.08,8.15795615841704e-05,0.0010197445198021299,822.5534246575343,4.3863013698630136,108
35,Farm1,35,0.01,0.08,8.799786010016429e-05,0.0010999732512520536,807.6465753424658,4.76986301369863,126
36,Farm1,36,0.0272181157201064,0.08,8.986263237064227e-05,0.0011232829046330284,800.4958904109589,4.635616438356164,125
37,Farm1,37,0.01,0.08,8.365867259816949e-05,0.0010457334074771185,808.0027397260274,4.534246575342466,114
38,Farm1,38,0.01,0.08,9.892810063458122e-05,0.0012366012579322653,817.6,3.7041095890410958,111
39,Farm1,39,0.01,0.08,8.926526265439347e-05,0.0011158157831799183,825.5205479452055,3.9095890410958902,106
40,Farm1,40,0.01,0.08,0.00012191337496689808,0.001523917187086226,804.3232876712328,2.9616438356164383,110
41,Farm1,41,0.01,0.08,0.00010166580307739732,0.0012708225384674664,815.6328767123288,3.673972602739726,114
42,Farm1,42,0.0915256135427143,0.0506942658169148,6.383967122569319e-05,0.0012593075409407005,759.986301369863,12.276712328767124,224
43,Farm1,43,0.0201220442518986,0.08,9.844239520191766e-05,0.0012305299400239707,766.5452054794521,8.487671232876712,240
44,Farm1,44,0.01,0.04,5.235220358267112e-05,0.001308805089566778,763.0164383561644,16.58082191780822,247
45,Farm1,45,0.01,0.04,5.804507212414308e-05,0.001451126803103577,754.1397260273973,14.164383561643836,231
46,Farm1,46,0.01,0.04,5.2555353279669435e-05,0.0013138838319917358,771.9397260273972,16.15068493150685,244
47,Farm1,47,0.01,0.04,5.0558938125326946e-05,0.0012639734531331736,769.0931506849315,17.39178082191781,251
48,Farm1,48,0.01,0.04,5.126736311190352e-05,0.001281684077797588,787.0602739726028,16.246575342465754,242
49,Farm1,49,0.0224592054304409,0.08,9.945649015193077e-05,0.0012432061268991346,826.2602739726027,4.147945205479452,125
50,Farm1,50,0.01,0.08,9.080399181490911e-05,0.0011350498976863638,799.1479452054795,4.506849315068493,123
51,Farm1,51,0.01,0.04,5.824569543801665e-05,0.0014561423859504163,732.7342465753425,22.71232876712329,355
52,Farm1,52,0.01,0.04,6.616573452092196e-05,0.0016541433630230492,672.613698630137,29.29041095890411,460
53,Farm1,53,0.01,0.04,6.534556818260675e-05,0.0016336392045651687,686.1260273972603,28.91780821917808,452
54,Farm1,54,0.0548075380676579,0.08,9.943418206024296e-05,0.001242927275753037,775.6273972602739,8.35890410958904,239
55,Farm1,55,0.01,0.04,5.8475867289135676e-05,0.001461896682228392,765.0438356164384,15.10958904109589,251
56,Farm1,56,0.15,0.04,5.6771648263921746e-05,0.0014192912065980436,644.1753424657534,34.42465753424658,453
57,Farm1,57,0.0643667875295668,0.04,5.037291629633245e-05,0.0012593229074083113,746.3561643835617,16.002739726027396,225
58,Farm1,58,0.0423949287205152,0.0568351717188473,7.452337137469631e-05,0.0013112192524612953,754.3917808219178,11.221917808219178,238
59,Farm1,59,0.01,0.04,5.723671054264877e-05,0.0014309177635662192,760.5561643835616,14.953424657534246,243
60,Farm1,60,0.0142709140040787,0.0714810289524289,8.910989555526957e-05,0.001246623011184867,785.4027397260274,4.175342465753425,112
61,Farm1,61,0.010154973891269,0.04,5.512036482852445e-05,0.001378009120713111,758.0493150684931,14.364383561643836,226
62,Farm1,62,0.0626565202342047,0.0746608740041439,9.038754400373107e-05,0.001210641386259613,757.7945205479452,9.561643835616438,244
63,Farm1,63,0.0126476354873053,0.04,4.958161475731224e-05,0.001239540368932806,756.9150684931507,18.71232876712329,261
64,Farm1,64,0.0334941650481945,0.0407192854227372,5.5200671759704334e-05,0.0013556395007089414,756.186301369863,16.361643835616437,255
65,Farm1,65,0.0118229907527222,0.0626199190796794,7.244820979593656e-05,0.0011569515077742493,764.2219178082191,11.936986301369863,247
66,Farm1,66,0.0125181039680283,0.069271163014884,8.91893142922301e-05,0.0012875388604788745,768.3041095890411,9.27945205479452,237
67,Farm1,67,0.041850024996895,0.0638165023993468,7.9343214494657e-05,0.0012433024611431716,803.7013698630137,6.112328767123287,144
68,Farm1,68,0.0435323328416944,0.0507593505080317,7.456061732539197e-05,0.0014689040852402982,762.0438356164384,11.556164383561644,245
69,Farm1,69,0.0100417273184136,0.0514778949467974,6.337952577011518e-05,0.0012311988638155885,773.2191780821918,12.841095890410958,235
70,Farm1,70,0.0394752488942477,0.0469324185955652,6.962840495078016e-05,0.0014835886799441354,759.3780821917808,12.342465753424657,243
71,Farm1,71,0.0495657334635761,0.08,8.933054744780638e-05,0.0011166318430975797,795.786301369863,3.5561643835616437,95
72,Farm1,72,0.01,0.08,8.752763086180869e-05,0.0010940953857726085,807.4794520547945,4.161643835616438,110
73,Farm1,73,0.01,0.08,9.787642795284331e-05,0.0012234553494105413,817.0493150684931,3.8465753424657536,113
74,Farm1,74,0.0170137425122757,0.08,9.821699622897994e-05,0.0012277124528622492,791.254794520548,4.120547945205479,121
75,Farm1,75,0.0170145590109753,0.08,9.648294911266611e-05,0.0012060368639083263,773.482191780822,8.386301369863014,234
76,Farm1,76,0.0967143953914614,0.08,7.288852358376696e-05,0.000911106544797087,804.6027397260274,4.824657534246575,105
77,Farm1,77,0.0136577185917669,0.0740119469728326,8.614475036719582e-05,0.0011639303367984195,820.8246575342466,4.361643835616438,114
78,Farm1,78,0.0213993741014964,0.0787135863837548,9.885630059340564e-05,0.0012558988242696559,776.4712328767123,6.531506849315068,189
79,Farm1,79,0.01,0.0444703643228092,5.37344694874145e-05,0.0012083208740400102,778.6794520547945,15.92876712328767,247
80,Farm1,80,0.0105026794326838,0.0514292040452786,6.782452108187515e-05,0.0013187939098213927,775.2602739726027,11.767123287671232,229
81,Farm1,81,0.0229283829819219,0.0481640266193556,6.243659576390541e-05,0.001296332556605932,769.158904109589,13.780821917808218,246
82,Farm1,82,0.0117926957172658,0.0499705554426619,5.677507263854995e-05,0.0011361705335394122,804.4630136986301,6.468493150684932,110
83,Farm1,83,0.0132033372768631,0.0661434517152231,8.809096452774614e-05,0.0013318168653643422,777.1945205479452,9.613698630136986,245
84,Farm1,84,0.0162229880278114,0.0609330426108657,8.64780139658572e-05,0.0014192301953166585,807.931506849315,4.96986301369863,128
85,Farm1,85,0.02983039628393,0.0789843494904539,8.541154536155497e-05,0.0010813730303859484,766.7561643835617,8.506849315068493,210
86,Farm1,86,0.0544720477903818,0.0776085511716176,9.819499049171979e-05,0.0012652599360420851,790.1506849315068,4.372602739726028,127
87,Farm1,87,0.0200395852349384,0.08,0.00010388393872585784,0.001298549234073223,809.427397260274,3.7835616438356166,118
88,Farm1,88,0.0416540698911034,0.0435804140908011,7.554947586085362e-05,0.0017335648923262642,652.8602739726027,25.972602739726028,451
89,Farm1,89,0.0248048442762404,0.0526919488589002,6.430892092288085e-05,0.0012204695843588717,763.9753424657534,13.194520547945206,242
90,Farm1,90,0.01,0.08,9.248059730585405e-05,0.0011560074663231755,812.3835616438356,4.1068493150684935,114
91,Farm1,91,0.01,0.08,9.894392678919113e-05,0.0012367990848648892,793.8849315068493,3.8109589041095893,113
92,Farm1,92,0.01,0.08,9.238026330476411e-05,0.0011547532913095513,809.9917808219178,4.043835616438356,113
93,Farm1,93,0.01,0.08,9.669301261004844e-05,0.0012086626576256056,800.7397260273973,3.871232876712329,112
94,Farm1,94,0.01,0.08,9.74965157825714e-05,0.0012187064472821425,803.2438356164383,3.7753424657534245,112
95,Farm1,95,0.01,0.08,9.043191371494465e-05,0.001130398921436808,809.413698630137,4.254794520547946,116
96,Farm1,96,0.01,0.04,5.748433716523815e-05,0.0014371084291309537,727.8630136986301,22.56986301369863,349
97,Farm1,97,0.01,0.08,8.467038807773477e-05,0.0010583798509716845,805.1013698630137,4.326027397260274,111
98,Farm1,98,0.01,0.08,8.057577344330172e-05,0.0010071971680412715,815.5835616438357,4.745205479452054,115
99,Farm1,99,0.01,0.08,0.00010679586640459746,0.0013349483300574682,775.827397260274,6.36986301369863,199
100,Farm2,0,0.0929982465515025,0.0737706299432407,0.00010945130231879201,0.0014836704309425595,500.958904109589,2.926027397260274,60
101,Farm2,1,0.0972989175500361,0.0553752682917079,9.110194307417533e-05,0.0016451738453756128,472.4356164383562,8.241095890410959,133
102,Farm2,2,0.0481718812412158,0.059106604692854,9.22442627756058e-05,0.0015606422201875885,503.6164383561644,4.032876712328767,69
103,Farm2,3,0.0649898714541161,0.0734431505414951,0.00011794635430492226,0.001605954448240657,513.9917808219178,2.9342465753424656,65
104,Farm2,4,0.0615538155776767,0.0782862063581218,0.00013302070151695002,0.0016991588646976224,513.5397260273973,2.7013698630136984,67
105,Farm2,5,0.0763051263383194,0.0720364300791857,0.00012687361596941925,0.0017612424134559976,515.2657534246575,2.663013698630137,64
106,Farm2,6,0.1108885716616283,0.0632807916830043,9.188878751103651e-05,0.0014520802453189857,494.72054794520545,4.010958904109589,68
107,Farm2,7,0.0248270650062909,0.0589440167738663,9.084452369142613e-05,0.0015412000854971152,518.4027397260274,3.8328767123287673,66
108,Farm2,8,0.040317049619412,0.045408726936218,0.00010112959091749822,0.0022270959293694105,468.7013698630137,8.558904109589042,152
109,Farm2,9,0.0411249943552222,0.0554595592450344,9.209508419808982e-05,0.0016605808890617101,516.0739726027397,3.9917808219178084,70
110,Farm2,10,0.01,0.04,7.617190473862183e-05,0.0019042976184655458,501.77260273972604,5.641095890410959,80
111,Farm2,11,0.01,0.08,0.00014892671216821615,0.001861583902102702,512.1534246575343,2.304109589041096,66
112,Farm2,12,0.01,0.04,7.756679212691867e-05,0.0019391698031729669,503.34520547945203,6.0,87
113,Farm2,13,0.01,0.08,0.00014620617802928932,0.0018275772253661165,522.1095890410959,2.26027397260274,64
114,Farm2,14,0.033136387232378,0.08,0.00012990752740730068,0.0016238440925912584,511.5780821917808,2.4136986301369863,60
115,Farm2,15,0.087378279424145,0.0502397177284682,0.00010569432662494753,0.0021038001685478444,486.1698630136986,6.104109589041096,118
116,Farm2,16,0.15,0.04,7.507220485921793e-05,0.0018768051214804481,470.5643835616438,8.106849315068493,108
117,Farm2,17,0.15,0.04,8.128038355182684e-05,0.002032009588795671,476.83287671232875,9.863013698630137,142
118,Farm2,18,0.01,0.04,8.123084488860398e-05,0.0020307711222150994,490.6027397260274,9.95890410958904,148
119,Farm2,19,0.0653735352748618,0.04,7.820225766035484e-05,0.001955056441508871,452.75616438356167,10.432876712328767,141
120,Farm2,20,0.023455221224478,0.08,0.00011831963573378361,0.0014789954466722952,503.3808219178082,2.813698630136986,63
121,Farm2,21,0.01,0.08,0.00014635010530193238,0.0018293763162741548,522.4520547945206,2.0027397260273974,57
122,Farm2,22,0.01,0.08,0.00015175697939725981,0.0018969622424657477,517.5342465753424,1.9698630136986301,58
123,Farm2,23,0.0139514026477748,0.08,0.00014104940750122406,0.0017631175937653006,507.8821917808219,2.3863013698630136,63
124,Farm2,24,0.01,0.08,0.00012845536587696517,0.0016056920734620647,493.76164383561644,3.2356164383561645,77
125,Farm2,25,0.01,0.08,0.00012314380257678274,0.0015392975322097843,516.0849315068493,2.638356164383562,63
126,Farm2,26,0.0278832413453995,0.0598968270765733,0.00012583321992470982,0.0021008328164669244,510.1287671232877,3.1342465753424658,74
127,Farm2,27,0.01,0.08,0.00014049396912969134,0.0017561746141211418,510.7369863013699,2.778082191780822,74
128,Farm2,28,0.01,0.04,8.217390156886174e-05,0.0020543475392215435,474.6931506849315,9.361643835616439,137
129,Farm2,29,0.01,0.08,0.00013960691918083989,0.0017450864897604985,528.6027397260274,2.3589041095890413,64
130,Farm2,30,0.01,0.08,0.00012805131502015608,0.0016006414377519509,518.3287671232877,2.649315068493151,65
131,Farm2,31,0.01,0.08,0.0001185661180940102,0.0014820764761751275,530.2575342465753,3.1205479452054794,71
132,Farm2,32,0.01,0.08,0.00014171451887002177,0.001771431485875272,505.14794520547946,2.750684931506849,75
133,Farm2,33,0.01,0.08,0.00013911323042117615,0.0017389153802647018,497.041095890411,4.1945205479452055,108
134,Farm2,34,0.01,0.08,0.00015257392195959068,0.0019071740244948835,504.1945205479452,2.243835616438356,65
135,Farm2,35,0.01,0.08,0.00014769864403918736,0.001846233050489842,502.8027397260274,2.4767123287671233,70
136,Farm2,36,0.01,0.08,0.00018373052088659642,0.0022966315110824554,508.84657534246577,1.8493150684931507,65
137,Farm2,37,0.01,0.08,0.00013451195690579812,0.0016813994613224764,521.1534246575343,2.328767123287671,60
138,Farm2,38,0.01,0.08,0.00013981984417481977,0.0017477480521852471,510.3424657534247,2.473972602739726,66
139,Farm2,39,0.01,0.08,0.00014417909656769826,0.0018022387070962282,499.2904109589041,2.4054794520547946,66
140,Farm2,40,0.01,0.04,0.00010161708485301226,0.002540427121325306,453.67123287671234,18.46301369863014,296
141,Farm2,41,0.01,0.08,0.0001455158959443266,0.0018189486993040824,512.3260273972603,2.526027397260274,69
142,Farm2,42,0.01,0.08,0.00015474389875394216,0.0019342987344242771,526.0876712328767,2.0657534246575344,62
143,Farm2,43,0.01,0.08,0.0001517687962391504,0.0018971099529893798,518.7945205479452,2.2739726027397262,66
144,Farm2,44,0.01,0.08,0.00014528923092558247,0.0018161153865697808,510.05753424657536,2.213698630136986,62
145,Farm2,45,0.01,0.077823991679249,0.000134242497155289,0.0017249500347986317,502.3643835616438,2.665753424657534,68
146,Farm2,46,0.01,0.08,0.00016857308309504713,0.002107163538688089,522.7917808219178,1.9013698630136986,62
147,Farm2,47,0.01,0.08,0.00013230524369343686,0.0016538155461679608,514.6082191780822,2.6575342465753424,68
148,Farm2,48,0.01,0.08,0.00013359532855346538,0.0016699416069183173,506.1506849315069,2.8,72
149,Farm2,49,0.01,0.0733460002459424,0.00012215938700530619,0.0016655221361176298,505.25753424657535,3.2,75
150,Farm2,50,0.01,0.0670148562833616,0.0001286675113798624,0.0019199848886612906,525.2191780821918,2.665753424657534,66
151,Farm2,51,0.01,0.0745183230232244,0.00016079230395917452,0.0021577552665679547,510.8876712328767,2.041095890410959,64
152,Farm2,52,0.01,0.04,7.540363266921915e-05,0.0018850908167304787,470.2849315068493,11.372602739726027,152
153,Farm2,53,0.01,0.08,0.0001333136029041059,0.0016664200363013238,506.43013698630136,3.989041095890411,100
154,Farm2,54,0.01,0.08,0.00016039821519704128,0.0020049776899630158,517.3479452054795,1.9342465753424658,60
155,Farm2,55,0.15,0.08,0.00010431920884163119,0.0013039901105203898,515.4849315068493,2.706849315068493,53
156,Farm2,56,0.01,0.04,7.271779450339497e-05,0.0018179448625848743,508.93698630136987,5.657534246575342,77
157,Farm2,57,0.15,0.0458511220184983,8.798187182409882e-05,0.0019188597345252134,483.5972602739726,8.558904109589042,135
158,Farm2,58,0.01,0.08,0.00011125217591489892,0.0013906521989362364,510.23561643835615,3.208219178082192,68
159,Farm2,59,0.01,0.0598435482749284,9.736710492910537e-05,0.001627027603406624,510.1616438356164,3.547945205479452,66
160,Farm2,60,0.01,0.08,0.00013936338796517416,0.001742042349564677,504.07397260273973,2.6082191780821917,70
161,Farm2,61,0.01,0.08,0.00015268523213353774,0.0019085654016692216,503.1205479452055,2.23013698630137,64
162,Farm2,62,0.01,0.0608882807973008,0.00010561149048307591,0.001734512604070071,515.5232876712329,3.126027397260274,63
163,Farm2,63,0.01,0.08,0.00013192084742584792,0.001649010592823099,508.4849315068493,2.578082191780822,66
164,Farm2,64,0.01,0.04,7.926442612555485e-05,0.001981610653138871,486.2328767123288,11.205479452054794,160
165,Farm2,65,0.01,0.08,0.00019529554692991326,0.0024411943366239156,547.9917808219178,0.9260273972602739,36
166,Farm2,66,0.01,0.04,8.665906499429875e-05,0.002166476624857469,483.386301369863,9.775342465753425,152
167,Farm2,67,0.01,0.04,6.939217788033895e-05,0.0017348044470084736,501.65205479452055,5.019178082191781,65
168,Farm2,68,0.01,0.04,8.442893953874781e-05,0.0021107234884686953,479.2958904109589,9.882191780821918,150
169,Farm2,69,0.01,0.04,8.537681856389375e-05,0.0021344204640973436,507.05479452054794,3.9342465753424656,64
170,Farm2,70,0.01,0.08,0.00016074627083420803,0.0020093283854276003,517.8684931506849,2.0493150684931507,63
171,Farm2,71,0.01,0.04,8.5796111593897e-05,0.0021449027898474246,478.5671232876712,10.676712328767124,163
172,Farm2,72,0.1052819501827621,0.0506817937741403,9.255837566958041e-05,0.0018262647940611577,462.1972602739726,8.336986301369864,134
173,Farm2,73,0.01,0.04,8.870087336244542e-05,0.0022175218340611353,479.52054794520546,9.830136986301369,156
174,Farm2,74,0.15,0.0657206534279646,0.00010570000628721799,0.001608322510108244,484.96712328767126,5.1068493150684935,99
175,Farm2,75,0.01,0.04,8.826286357273279e-05,0.00220657158931832,462.7013698630137,11.717808219178082,179
176,Farm2,76,0.01,0.04,0.0001000682283061614,0.002501705707654035,510.92328767123286,4.104109589041096,77
177,Farm2,77,0.01,0.0792004059063766,0.00013494448868788087,0.0017038358218441428,500.0904109589041,3.0082191780821916,77
178,Farm2,78,0.01,0.08,0.00014246669011324655,0.0017808336264155818,512.7232876712329,2.3917808219178083,65
179,Farm2,79,0.01,0.04,8.530220293405566e-05,0.0021325550733513913,513.9589041095891,4.66027397260274,75
180,Farm2,80,0.01,0.04,8.749103545380639e-05,0.00218727588634516,509.73424657534247,4.068493150684931,66
181,Farm2,81,0.1275377448303341,0.0661722776822233,0.00011981496402078182,0.001810651956037615,468.17808219178085,6.558904109589041,138
182,Farm2,82,0.1240244101646888,0.0727722280770121,0.00012251508763789126,0.0016835417971295063,521.7315068493151,2.175342465753425,50
183,Farm2,83,0.1297242565279653,0.0617041557127409,9.371697122825576e-05,0.0015188113368659988,514.2739726027397,3.063013698630137,54
184,Farm2,84,0.1273506081989984,0.0781747518699423,9.82237536497189e-05,0.0012564639004308156,503.08493150684933,2.66027397260274,49
185,Farm2,85,0.1027280028907648,0.043089083577503,8.660247586183089e-05,0.0020098472437006395,466.2931506849315,9.356164383561644,143
186,Farm2,86,0.068459409339388,0.0436870622304884,6.991965319852014e-05,0.0016004658960502155,471.2739726027397,11.263013698630138,138
187,Farm2,87,0.0728930015600534,0.0707906804609727,0.00013850401711471222,0.001956528969813622,483.9917808219178,5.578082191780822,139
188,Farm2,88,0.01,0.04,7.008235182369413e-05,0.0017520587955923532,512.2794520547945,5.16986301369863,69
189,Farm2,89,0.0563215857976432,0.0686680902517027,0.0001348207822773139,0.0019633687464312563,492.9890410958904,4.898630136986301,122
190,Farm2,90,0.0847260853210944,0.076286048500911,0.00013548140068858123,0.001775965636586398,489.61095890410957,2.717808219178082,69
191,Farm2,91,0.100060100496395,0.0622094198488939,0.00011554453062755839,0.0018573478246255144,505.8493150684931,2.9616438356164383,64
192,Farm2,92,0.0165650997760426,0.043388959371637,9.198803764072212e-05,0.0021200793697959473,487.94520547945206,8.463013698630137,141
193,Farm2,93,0.0530983633786177,0.057033638501425,9.877801569787024e-05,0.0017319255494352205,519.0191780821917,3.728767123287671,69
194,Farm2,94,0.0597407422707828,0.0666108501264044,0.00011356452540679068,0.0017048953014604138,497.32876712328766,2.835616438356164,60
195,Farm2,95,0.0137289203005657,0.0590323089440492,0.0001276392779111667,0.0021621935545862382,515.082191780822,3.158904109589041,76
196,Farm2,96,0.01,0.04,8.506050213304256e-05,0.002126512553326064,501.2986301369863,4.597260273972603,74
197,Farm2,97,0.0817106677801564,0.0730044617443138,0.0001238512793093212,0.0016964891781969449,516.1671232876712,2.580821917808219,60
198,Farm2,98,0.0224458791780461,0.0765079780163648,0.00014510246203021333,0.0018965664208140018,502.9698630136986,2.4054794520547946,66
199,Farm2,99,0.0255995789955556,0.0753791863070249,0.00014415783213269924,0.0019124355036884307,520.9479452054794,2.2904109589041095,63
200,Farm3,0,0.0929982465515025,0.0737706299432407,3.011964785147222e-05,0.00040828779521940304,2187.1013698630136,28.77260273972603,707
201,Farm3,1,0.0972989175500361,0.0553752682917079,2.4752153481871184e-05,0.0004469893193380277,2196.717808219178,34.18904109589041,695
202,Farm3,2,0.0481718812412158,0.059106604692854,2.4918522088281835e-05,0.00042158608530756104,2194.468493150685,35.58082191780822,727
203,Farm3,3,0.0649898714541161,0.0734431505414951,3.180565929914655e-05,0.00043306501783548185,2180.227397260274,26.865753424657534,697
204,Farm3,4,0.0615538155776767,0.0782862063581218,3.369044739650751e-05,0.00043034972524265506,2168.33698630137,26.2,720
205,Farm3,5,0.0763051263383194,0.0720364300791857,2.8655780104323803e-05,0.0003977956718957904,2186.3671232876713,30.61917808219178,718
206,Farm3,6,0.1108885716616283,0.0632807916830043,2.591461559055428e-05,0.0004095178789856121,2203.4904109589042,31.71780821917808,677
207,Farm3,7,0.0248270650062909,0.0589440167738663,2.6442307859579377e-05,0.0004486003721297624,2211.0246575342467,34.92602739726028,760
208,Farm3,8,0.040317049619412,0.045408726936218,2.6845074408857237e-05,0.0005911875584304392,1820.6986301369864,76.94794520547946,1359
209,Farm3,9,0.0411249943552222,0.0554595592450344,2.4583931256467575e-05,0.0004432767153422466,2201.2356164383564,36.18082191780822,731
210,Farm3,10,0.0491297857778576,0.04,2.256034245765471e-05,0.0005640085614413677,1821.9479452054795,95.69041095890411,1406
211,Farm3,11,0.0402685946109219,0.0456522049017066,2.6038951288692937e-05,0.0005703766410572544,1864.0109589041097,78.78082191780823,1362
212,Farm3,12,0.0403312525627085,0.0540771826383603,2.4994306947414136e-05,0.0004621969142616562,2200.2657534246578,35.59452054794521,730
213,Farm3,13,0.0340072490441937,0.04,2.2352090744024933e-05,0.0005588022686006234,1827.695890410959,94.73150684931507,1391
214,Farm3,14,0.0461090674246403,0.0521173140937629,2.349103146906729e-05,0.0004507337317269495,2201.3315068493152,37.51780821917808,722
215,Farm3,15,0.0386925140332056,0.08,3.6871389278784575e-05,0.00046089236598480715,2198.0657534246575,24.243835616438357,734
216,Farm3,16,0.0402498047107173,0.0704668231744881,2.91170727678491e-05,0.00041320257471732716,2205.9616438356165,30.613698630136987,734
217,Farm3,17,0.0341826746524877,0.0475276287070564,2.671365017221349e-05,0.0005620657057575297,1830.3698630136987,80.33698630136986,1402
218,Farm3,18,0.0266877953120112,0.051310883970714,2.3167085992993478e-05,0.00045150432423296847,2194.5808219178084,39.38630136986301,746
219,Farm3,19,0.01,0.08,3.678203497259939e-05,0.00045977543715749233,2207.1698630136984,24.2,734
220,Farm3,20,0.0345073380659517,0.08,3.505984825659426e-05,0.0004382481032074283,2200.4904109589042,25.523287671232875,736
221,Farm3,21,0.0330178934266665,0.04,1.8426755963723877e-05,0.0004606688990930969,2204.4465753424656,49.71232876712329,751
222,Farm3,22,0.01,0.04,1.9357098028927648e-05,0.0004839274507231912,2223.7041095890413,47.367123287671234,756
223,Farm3,23,0.0264777873963288,0.055303947793295,2.420783823309141e-05,0.0004377235115939833,2214.7342465753422,36.6,731
224,Farm3,24,0.0553747375234196,0.0475140852018503,2.7648558062957957e-05,0.0005819023547544017,1820.2630136986302,77.2931506849315,1388
225,Farm3,25,0.0618610927484662,0.0751686525152371,3.291122777505955e-05,0.0004378318178364081,2201.358904109589,25.994520547945207,705
226,Farm3,26,0.0313452894794196,0.075620288337337,3.321504211460028e-05,0.0004392345340767575,2190.328767123288,27.052054794520547,737
227,Farm3,27,0.15,0.0744079778218568,2.8864131064680827e-05,0.00038791715498283835,2168.276712328767,27.635616438356163,649
228,Farm3,28,0.0223143972780254,0.0721189381637073,3.156904385385722e-05,0.0004377358382925254,2187.654794520548,28.797260273972604,744
229,Farm3,29,0.0350780664532111,0.0576475403320497,2.6145243478195695e-05,0.0004535361496362057,2203.778082191781,34.605479452054794,743
230,Farm3,30,0.15,0.0693079393268057,2.944368318682359e-05,0.0004248241034549974,2217.621917808219,28.40821917808219,689
231,Farm3,31,0.0561272805092881,0.04,2.343612397176103e-05,0.0005859030992940257,1812.7671232876712,92.3917808219178,1397
232,Farm3,32,0.01,0.08,3.607238427750325e-05,0.0004509048034687906,2213.2575342465752,24.92876712328767,741
233,Farm3,33,0.01,0.08,3.597250618346339e-05,0.0004496563272932924,2213.3616438356166,24.04931506849315,718
234,Farm3,34,0.01,0.04,2.2323895647585553e-05,0.0005580973911896389,1873.158904109589,93.26849315068493,1387
235,Farm3,35,0.01,0.08,3.545687676893838e-05,0.0004432109596117297,2210.2438356164384,25.59178082191781,749
236,Farm3,36,0.01,0.08,3.615022494761053e-05,0.00045187781184513165,2189.8027397260275,24.745205479452054,733
237,Farm3,37,0.01,0.08,3.773843421543687e-05,0.00047173042769296087,2217.2575342465752,24.304109589041097,758
238,Farm3,38,0.0456097471938051,0.08,3.565594476088065e-05,0.0004456993095110081,2217.358904109589,24.454794520547946,721
239,Farm3,39,0.0632425857472617,0.04,2.286500223999798e-05,0.0005716250559999496,1823.0657534246575,91.52054794520548,1362
240,Farm3,40,0.0186254269898301,0.08,3.658996244753051e-05,0.0004573745305941314,2210.572602739726,24.734246575342464,747
241,Farm3,41,0.0726975116029322,0.0434246505154457,1.9572790851809508e-05,0.0004507299568213604,2204.150684931507,44.23013698630137,712
242,Farm3,42,0.01,0.04,1.8072067475326595e-05,0.00045180168688316487,2209.849315068493,50.23287671232877,745
243,Farm3,43,0.01,0.08,3.428364146831307e-05,0.00042854551835391335,2205.0383561643835,26.35890410958904,744
244,Farm3,44,0.01,0.04,2.3350020597564058e-05,0.0005837505149391014,1840.7123287671234,88.74520547945205,1362
245,Farm3,45,0.01,0.067003687322924,3.171605904472992e-05,0.0004733479650436923,2212.213698630137,28.980821917808218,756
246,Farm3,46,0.1489056862936296,0.061799613861633,3.255163588392106e-05,0.0005267287908433043,1817.4657534246576,62.41917808219178,1338
247,Farm3,47,0.01,0.0432947120891268,2.4937481179322866e-05,0.0005759936947492893,1867.7013698630137,83.97260273972603,1392
248,Farm3,48,0.15,0.0418991274172639,2.3225273886843054e-05,0.0005543140231906938,1824.0,92.46849315068494,1389
249,Farm3,49,0.15,0.0577116271031451,3.160822932005474e-05,0.0005476925691864992,1828.9424657534246,63.989041095890414,1331
250,Farm3,50,0.01,0.0410434987599872,2.229826701432564e-05,0.0005432837766760748,1875.0739726027398,91.33972602739726,1364
251,Farm3,51,0.01,0.04,2.296558784213727e-05,0.0005741396960534318,1884.1534246575343,89.71780821917808,1384
252,Farm3,52,0.0447355440309285,0.0456443172777234,2.5065007396885938e-05,0.0005491375244891407,1848.7150684931507,84.17534246575343,1388
253,Farm3,53,0.01,0.0454263785409358,2.511346091908368e-05,0.0005528387189494489,1845.9041095890411,82.9972602739726,1376
254,Farm3,54,0.0825332049346289,0.0759392884309868,3.1991751191635194e-05,0.00042128062894227825,2203.460273972603,26.46849315068493,695
255,Farm3,55,0.0375142359103612,0.0775371234248785,3.358023298220453e-05,0.00043308587549986406,2211.671232876712,26.553424657534247,738
256,Farm3,56,0.01,0.04,2.243095684010717e-05,0.0005607739210026793,1873.958904109589,90.45479452054795,1363
257,Farm3,57,0.15,0.076401665391719,3.128114529439905e-05,0.0004094301496442189,2207.917808219178,25.687671232876713,662
258,Farm3,58,0.0641973228418759,0.0484208756268667,2.660709533764117e-05,0.0005494963689355097,1804.805479452055,80.25479452054795,1391
259,Farm3,59,0.0559253362928872,0.0621039018960284,2.8615898066355636e-05,0.0004607745599344644,2204.895890410959,31.243835616438357,735
260,Farm3,60,0.01,0.0591197480516289,2.6789041230364477e-05,0.0004531318571751993,2241.53698630137,33.16164383561644,739
261,Farm3,61,0.1108828163057412,0.04697990020003,2.027265087698452e-05,0.0004315175381528711,2203.7671232876714,41.23013698630137,685
262,Farm3,62,0.0523799929616956,0.0715733860104754,3.1493199654663236e-05,0.0004400127115692686,2200.104109589041,27.208219178082192,706
263,Farm3,63,0.0730046433046484,0.0774282550326488,3.461999166327489e-05,0.0004471234906259587,2152.3561643835615,25.673972602739727,719
264,Farm3,64,0.01,0.0436710222274503,2.478103411954195e-05,0.0005674479976785461,1930.0767123287671,80.61369863013698,1383
265,Farm3,65,0.0341072916408749,0.0457043786131408,2.6288178561296642e-05,0.0005751785574815438,1848.3068493150686,82.12876712328767,1421
266,Farm3,66,0.01,0.0783234636862346,3.628990405294075e-05,0.0004633337488535855,2189.104109589041,25.465753424657535,758
267,Farm3,67,0.01,0.04,2.3019419080500348e-05,0.0005754854770125087,1888.2027397260274,91.09041095890412,1407
268,Farm3,68,0.01,0.0671013444305649,3.0382281620161634e-05,0.0004527820102263465,2179.441095890411,29.345205479452055,729
269,Farm3,69,0.0868591810341208,0.0480301999862029,2.054563036310373e-05,0.0004277648306483347,2195.619178082192,42.51780821917808,714
270,Farm3,70,0.0310605493495885,0.0621239776179439,2.7589575563585964e-05,0.00044410510436500105,2229.2356164383564,32.85479452054795,751
271,Farm3,71,0.01,0.0414111248730113,2.356052482265607e-05,0.0005689419182624297,1844.3068493150686,90.13150684931507,1398
272,Farm3,72,0.0249692995133967,0.0544815221819568,3.0202286629295063e-05,0.000554358347926216,1842.5123287671233,70.25753424657535,1385
273,Farm3,73,0.010258914021774,0.0530699912550164,2.5107330412228457e-05,0.00047309844638150763,2207.317808219178,35.57260273972603,733
274,Farm3,74,0.0106870535762112,0.0685879290343273,2.9681590535341455e-05,0.00043275239467408666,2199.0109589041094,30.0986301369863,734
275,Farm3,75,0.1258189295958435,0.0703474998899634,2.943283538486319e-05,0.0004183920598585824,2189.2876712328766,27.953424657534246,673
276,Farm3,76,0.0103912697219028,0.0798727076168692,3.269587932104289e-05,0.00040934983045619815,2337.9835616438354,13.509589041095891,377
277,Farm3,77,0.0502595392468097,0.0667585707514197,2.8850109578034912e-05,0.00043215589029699806,2188.142465753425,30.265753424657536,716
278,Farm3,78,0.0108448570114926,0.0580279830333937,2.6392025108103907e-05,0.00045481548260803645,2219.860273972603,34.446575342465756,753
279,Farm3,79,0.0101208314981395,0.0721057303493216,3.192235794195784e-05,0.0004427159642833876,2227.909589041096,27.991780821917807,742
280,Farm3,80,0.0509214934365126,0.077265576941586,3.350651071934157e-05,0.0004336537957216448,2190.082191780822,26.243835616438357,721
281,Farm3,81,0.0386313350621637,0.06644194423154,3.0585555268098367e-05,0.0004603350431997052,2196.8876712328765,29.39178082191781,737
282,Farm3,82,0.0106226385201386,0.0400334492435662,2.2893044199540193e-05,0.0005718479079895757,1887.0931506849315,88.54246575342465,1368
283,Farm3,83,0.0239469674936148,0.0724654903429655,3.329045818234631e-05,0.0004593974045409595,2188.805479452055,27.561643835616437,750
284,Farm3,84,0.0101363375263995,0.0622292012228675,2.7520838003931124e-05,0.00044224957838311416,2217.460273972603,32.58904109589041,739
285,Farm3,85,0.0368470937319642,0.0453018814990512,1.970190532766166e-05,0.00043490258408084655,2193.3616438356166,45.43835616438356,732
286,Farm3,86,0.010646722750896,0.0743809617126777,3.385731115971361e-05,0.0004551878650144271,2370.8712328767124,12.665753424657535,369
287,Farm3,87,0.0100958022665963,0.054777513964277,2.667055814889838e-05,0.0004868888019688427,2207.772602739726,34.59178082191781,757
288,Farm3,88,0.010240548937274,0.074564596731113,3.3265106042010914e-05,0.0004461246690834799,2224.512328767123,27.378082191780823,754
289,Farm3,89,0.0103585033290566,0.053760919527313,2.9525986635712992e-05,0.0005492091075695319,1872.7369863013698,70.13424657534246,1395
290,Farm3,90,0.0102236981977109,0.0538018268666024,2.5445860833471998e-05,0.00047295533098835294,2193.646575342466,34.88493150684931,727
291,Farm3,91,0.0101756349902349,0.0601090772969073,3.3902223252084816e-05,0.0005640117063289064,1858.6082191780822,60.33972602739726,1363
292,Farm3,92,0.0233554397982307,0.0546398773595546,2.6814350752583446e-05,0.0004907469058931655,2217.0164383561646,33.69041095890411,745
293,Farm3,93,0.0537529794664354,0.071468451634268,3.970526942298614e-05,0.0005555635880594353,1817.4986301369863,54.558904109589044,1406
294,Farm3,94,0.0268339518936382,0.0602469792869301,2.730228681115789e-05,0.00045317270897730823,2187.512328767123,32.81095890410959,731
295,Farm3,95,0.0101969862071434,0.0500089847015426,2.6327737356175884e-05,0.0005264601453779118,1882.676712328767,77.46849315068494,1376
296,Farm3,96,0.0100412546188631,0.0731890718472391,3.203488720429635e-05,0.0004377004161380794,2221.5095890410958,27.926027397260274,740
297,Farm3,97,0.01008547989746,0.0653843344201127,2.827012224394634e-05,0.0004323684334278433,2205.1013698630136,32.78904109589041,761
298,Farm3,98,0.0103412096841105,0.0561906107507331,3.0926770587761374e-05,0.0005503903619228392,1905.5068493150684,65.92602739726027,1385
299,Farm3,99,0.0503081838642593,0.0689113831042504,3.185306658825381e-05,0.00046223229245110216,2196.194520547945,28.235616438356164,739
300,Farm4,0,0.0929982465515025,0.0737706299432407,3.3203196324201755e-05,0.00045008692957818546,1986.1178082191782,24.46301369863014,601
301,Farm4,1,0.0972989175500361,0.0553752682917079,2.32541295589123e-05,0.0004199370996527426,1971.2383561643835,34.704109589041096,593
302,Farm4,2,0.0481718812412158,0.059106604692854,2.9603670590750455e-05,0.0005008521593244138,1991.6520547945206,28.561643835616437,627
303,Farm4,3,0.0649898714541161,0.0734431505414951,3.530905981678217e-05,0.0004807672268475558,1994.123287671233,24.66849315068493,644
304,Farm4,4,0.0615538155776767,0.0782862063581218,3.6252453841548826e-05,0.00046307587923869066,1987.8383561643836,23.621917808219177,633
305,Farm4,5,0.0763051263383194,0.0720364300791857,3.4233856027628945e-05,0.00047522976902100153,1982.2109589041097,24.317808219178083,616
306,Farm4,6,0.1108885716616283,0.0632807916830043,2.8015412831784866e-05,0.0004427159029887601,1987.6739726027397,27.931506849315067,579
307,Farm4,7,0.0248270650062909,0.0589440167738663,2.9488200056727067e-05,0.0005002746957313078,1963.7780821917809,29.816438356164383,645
308,Farm4,8,0.040317049619412,0.045408726936218,2.850965852904742e-05,0.0006278453604104041,1637.2246575342465,73.5123287671233,1228
309,Farm4,9,0.0411249943552222,0.0554595592450344,2.73029669252455e-05,0.0004923040733990342,2009.123287671233,31.473972602739725,641
310,Farm4,10,0.01,0.04,2.566433403644286e-05,0.0006416083509110715,1669.9698630136986,82.9972602739726,1248
311,Farm4,11,0.0403790798845558,0.0550761619223974,2.5756975958503133e-05,0.0004676610544284993,1986.0575342465754,33.46027397260274,639
312,Farm4,12,0.01,0.08,4.154144429295482e-05,0.0005192680536619352,1986.1753424657534,21.41917808219178,657
313,Farm4,13,0.01,0.04,2.4499664382214334e-05,0.0006124916095553584,1683.8821917808218,86.3972602739726,1242
314,Farm4,14,0.1073958452121784,0.0738797507678386,3.0421561363622415e-05,0.0004117713046869881,1964.2410958904109,25.73972602739726,575
315,Farm4,15,0.01,0.08,3.797879503829807e-05,0.00047473493797872587,1983.8438356164384,23.413698630136988,659
316,Farm4,16,0.0246095040966104,0.0635869668584863,3.0494283087759204e-05,0.00047956813470321146,2005.0821917808219,28.882191780821916,657
317,Farm4,17,0.1027905729022721,0.0567281852699008,2.6197679864085192e-05,0.0004618106456154402,1981.6438356164383,30.446575342465753,589
318,Farm4,18,0.0843771079562317,0.0426345116479733,2.5476195703228865e-05,0.0005975486693405087,1630.813698630137,81.4931506849315,1215
319,Farm4,19,0.0172043500407482,0.04,1.9741347817035223e-05,0.0004935336954258806,1970.5808219178082,44.44931506849315,643
320,Farm4,20,0.15,0.08,3.677026847863534e-05,0.00045962835598294176,2001.805479452055,22.016438356164382,601
321,Farm4,21,0.01,0.08,3.877327337013099e-05,0.0004846659171266374,2004.8027397260273,23.383561643835616,675
322,Farm4,22,0.01,0.04,2.403623128193253e-05,0.0006009057820483133,1635.4191780821918,87.38356164383562,1221
323,Farm4,23,0.01,0.08,4.061061275037026e-05,0.0005076326593796282,2007.8794520547945,22.252054794520546,675
324,Farm4,24,0.01,0.08,3.815526419776334e-05,0.00047694080247204175,2142.7561643835616,10.147945205479452,300
325,Farm4,25,0.01,0.08,3.83030744753335e-05,0.00047878843094166875,2015.1068493150685,23.386301369863013,671
326,Farm4,26,0.0621146488502139,0.08,3.7889644099750765e-05,0.0004736205512468846,1982.2712328767122,22.561643835616437,631
327,Farm4,27,0.01,0.08,3.748442474454617e-05,0.0004685553093068271,1991.304109589041,24.057534246575344,668
328,Farm4,28,0.0175785014241908,0.08,3.935391336919612e-05,0.0004919239171149515,1991.1342465753426,22.624657534246577,662
329,Farm4,29,0.01,0.08,3.9256381419960576e-05,0.0004907047677495072,1993.986301369863,22.75890410958904,665
330,Farm4,30,0.01,0.08,3.8302406557372004e-05,0.00047878008196715,1975.8986301369864,22.931506849315067,647
331,Farm4,31,0.01,0.08,3.8371215407379904e-05,0.00047964019259224877,2025.4465753424658,22.980821917808218,663
332,Farm4,32,0.15,0.0516663967904398,2.2063418143536718e-05,0.00042703613013747593,1972.3205479452056,34.48219178082192,560
333,Farm4,33,0.01,0.04,2.5209714704064433e-05,0.0006302428676016108,1712.9506849315069,81.95616438356164,1247
334,Farm4,34,0.0275597963312062,0.08,4.0308015929126095e-05,0.0005038501991140762,1975.6191780821919,21.553424657534247,643
335,Farm4,35,0.0743149531843235,0.0536230485573569,3.186820979501296e-05,0.0005943005974553222,1696.8328767123287,62.43013698630137,1190
336,Farm4,36,0.01,0.04,2.3960772955092423e-05,0.0005990193238773106,1762.372602739726,84.65753424657534,1257
337,Farm4,37,0.01,0.04,2.1088258648931586e-05,0.0005272064662232897,1978.6164383561643,43.487671232876714,674
338,Farm4,38,0.01,0.04,2.5667963170817964e-05,0.0006416990792704491,1717.8602739726027,77.35342465753425,1211
339,Farm4,39,0.01,0.04,2.557906960859095e-05,0.0006394767402147737,1680.0821917808219,82.76986301369863,1256
340,Farm4,40,0.01,0.04,2.4774626310355524e-05,0.0006193656577588881,1715.7095890410958,81.71506849315068,1232
341,Farm4,41,0.01,0.04,2.1593711682854394e-05,0.0005398427920713598,2001.4493150684932,42.52328767123288,681
342,Farm4,42,0.01,0.04,2.4743256572538782e-05,0.0006185814143134695,1713.4438356164383,83.76712328767124,1251
343,Farm4,43,0.01,0.04,2.3798004211619983e-05,0.0005949501052904995,1703.0109589041097,87.74794520547945,1253
344,Farm4,44,0.01,0.04,2.426619448289199e-05,0.0006066548620722998,1672.3260273972603,86.82739726027397,1241
345,Farm4,45,0.01,0.04,2.512259321016819e-05,0.0006280648302542047,1724.0739726027398,81.54520547945205,1245
346,Farm4,46,0.01,0.08,3.899774585784778e-05,0.00048747182322309723,1997.6,22.24931506849315,646
347,Farm4,47,0.01,0.08,3.778546273022296e-05,0.000472318284127787,1995.772602739726,23.517808219178082,660
348,Farm4,48,0.01,0.08,3.752531535215885e-05,0.0004690664419019857,1994.2876712328766,23.534246575342465,659
349,Farm4,49,0.01,0.08,3.635003639983078e-05,0.0004543754549978847,2092.964383561644,11.553424657534247,322
350,Farm4,50,0.01,0.08,3.877222975030336e-05,0.00048465287187879195,2011.9698630136986,22.96712328767123,668
351,Farm4,51,0.01,0.08,3.8769639209623154e-05,0.0004846204901202894,2031.5205479452054,23.279452054794522,678
352,Farm4,52,0.01,0.04,2.4804082646798745e-05,0.0006201020661699686,1710.5068493150684,81.33424657534246,1226
353,Farm4,53,0.01,0.04,2.595939945620009e-05,0.0006489849864050022,1705.9369863013699,76.81369863013698,1206
354,Farm4,54,0.01,0.08,3.797308502920782e-05,0.00047466356286509774,2122.671232876712,10.169863013698631,301
355,Farm4,55,0.01,0.08,4.141424351949337e-05,0.0005176780439936671,2002.454794520548,20.76986301369863,642
356,Farm4,56,0.01,0.08,3.865207680399217e-05,0.0004831509600499021,1985.5863013698631,22.7013698630137,651
357,Farm4,57,0.01,0.08,3.9913895839745344e-05,0.0004989236979968168,1980.2739726027398,22.10958904109589,654
358,Farm4,58,0.01,0.08,3.937454439317325e-05,0.0004921818049146656,2008.7753424657535,22.126027397260273,654
359,Farm4,59,0.01,0.08,3.96794814932253e-05,0.0004959935186653162,1989.5287671232877,22.85753424657534,675
360,Farm4,60,0.01,0.08,3.771047547821208e-05,0.00047138094347765096,2011.1397260273973,23.660273972602738,667
361,Farm4,61,0.01,0.08,3.970558129335285e-05,0.0004963197661669106,1987.454794520548,22.257534246575343,654
362,Farm4,62,0.01,0.08,3.750133630327325e-05,0.00046876670379091565,1973.2219178082191,23.980821917808218,663
363,Farm4,63,0.01,0.08,3.736498224790157e-05,0.0004670622780987696,2103.895890410959,10.553424657534247,305
364,Farm4,64,0.01,0.08,3.8932723489270656e-05,0.00048665904361588317,2007.8602739726027,22.71232876712329,662
365,Farm4,65,0.01,0.08,3.8937719204405195e-05,0.0004867214900550649,1991.164383561644,23.389041095890413,677
366,Farm4,66,0.01,0.04,2.5759069056591248e-05,0.0006439767264147812,1726.86301369863,77.08493150684932,1209
367,Farm4,67,0.01,0.08,3.748278311589733e-05,0.00046853478894871663,2021.6931506849314,23.471232876712328,662
368,Farm4,68,0.01,0.08,3.9453137479231554e-05,0.0004931642184903944,1989.4301369863015,22.45205479452055,657
369,Farm4,69,0.01,0.04,2.4998350831937886e-05,0.0006249587707984471,1698.6712328767123,79.7972602739726,1210
370,Farm4,70,0.01,0.04,2.5145739165673267e-05,0.0006286434791418317,1691.3753424657534,81.87123287671233,1244
371,Farm4,71,0.01,0.08,3.7660626298703697e-05,0.0004707578287337962,2129.884931506849,10.386301369863014,303
372,Farm4,72,0.01,0.08,3.948372470275993e-05,0.0004935465587844991,2002.8849315068494,22.747945205479454,671
373,Farm4,73,0.01,0.04,2.5573122258939864e-05,0.0006393280564734965,1729.1890410958904,78.98904109589041,1221
374,Farm4,74,0.01,0.08,4.011925965057579e-05,0.0005014907456321974,1994.3972602739725,22.18082191780822,662
375,Farm4,75,0.01,0.08,4.143123166803865e-05,0.0005178903958504832,1974.5342465753424,21.18082191780822,648
376,Farm4,76,0.01,0.04,2.3516630092725493e-05,0.0005879157523181373,1723.7945205479452,87.25205479452055,1257
377,Farm4,77,0.01,0.04,2.5024226694941786e-05,0.0006256056673735447,1710.8082191780823,80.92328767123287,1219
378,Farm4,78,0.01,0.04,2.5442077713690912e-05,0.0006360519428422728,1680.7972602739726,81.79178082191781,1236
379,Farm4,79,0.01,0.04,2.476215424625869e-05,0.0006190538561564673,1683.8219178082193,85.16164383561645,1247
380,Farm4,80,0.01,0.04,2.3368677990904725e-05,0.0005842169497726181,1713.5123287671233,84.48219178082192,1207
381,Farm4,81,0.01,0.04,2.5133794763820885e-05,0.0006283448690955221,1691.468493150685,83.86575342465754,1251
382,Farm4,82,0.01,0.04,2.3262843370211275e-05,0.0005815710842552819,1709.8246575342466,87.02465753424657,1224
383,Farm4,83,0.01,0.04,2.5395529861181335e-05,0.0006348882465295333,1682.2520547945205,84.44931506849315,1266
384,Farm4,84,0.01,0.04,2.453018237762972e-05,0.000613254559440743,1696.676712328767,86.0986301369863,1262
385,Farm4,85,0.01,0.04,2.5206313365999808e-05,0.0006301578341499952,1729.1342465753426,79.95068493150686,1224
386,Farm4,86,0.01,0.04,2.1036967025630124e-05,0.0005259241756407531,1982.9095890410958,42.31506849315068,655
387,Farm4,87,0.01,0.04,2.646832730897272e-05,0.000661708182724318,1699.4876712328767,79.15068493150685,1261
388,Farm4,88,0.01,0.04,1.9912877203122317e-05,0.0004978219300780579,1997.8712328767124,46.082191780821915,679
389,Farm4,89,0.01,0.04,2.1122148954445897e-05,0.0005280537238611475,1990.945205479452,43.84931506849315,683
390,Farm4,90,0.01,0.04,2.499967472907487e-05,0.0006249918682268718,1691.8575342465754,84.91780821917808,1272
391,Farm4,91,0.01,0.04,2.0198320496145182e-05,0.0005049580124036296,2001.545205479452,44.97808219178082,673
392,Farm4,92,0.01,0.04,2.0314357547207423e-05,0.0005078589386801856,1972.3479452054794,44.99178082191781,669
393,Farm4,93,0.01,0.04,2.4003077633774294e-05,0.0006000769408443573,1709.6027397260275,85.76712328767124,1246
394,Farm4,94,0.01,0.08,4.9187753482098155e-05,0.0006148469185262269,1709.0602739726028,41.175342465753424,1221
395,Farm4,95,0.01,0.04,2.089612672585258e-05,0.0005224031681463145,1954.6931506849314,42.97808219178082,655
396,Farm4,96,0.01,0.04,2.365084578115103e-05,0.0005912711445287758,1727.66301369863,87.37260273972603,1257
397,Farm4,97,0.01,0.04,2.417985170850657e-05,0.0006044962927126643,1728.4191780821918,84.81369863013698,1251
398,Farm4,98,0.01,0.04,2.471476523731459e-05,0.0006178691309328648,1696.4520547945206,82.46301369863014,1223
399,Farm4,99,0.01,0.04,2.4339961104742154e-05,0.0006084990276185538,1728.9479452054795,81.53150684931506,1220
